user_id,total_revenue,orders_count,avg_order_value
1,2219,1,2219.0
2,17117,2,8558.5
3,7696,1,7696.0
4,12491,2,6245.5
5,7695,1,7695.0
7,4944,1,4944.0
9,12889,2,6444.5
10,4020,1,4020.0
11,5393,1,5393.0
12,2307,1,2307.0
16,6059,1,6059.0
19,5432,1,5432.0
20,10291,2,5145.5
21,26427,4,6606.75
22,5028,1,5028.0
24,8665,1,8665.0
25,6921,2,3460.5
26,10821,2,5410.5
29,3521,1,3521.0
30,5211,1,5211.0
31,5862,1,5862.0
32,8804,1,8804.0
33,8625,1,8625.0
36,8911,2,4455.5
37,2068,1,2068.0
38,7215,1,7215.0
40,6186,1,6186.0
41,6594,1,6594.0
42,3481,1,3481.0
43,8948,2,4474.0
44,6594,1,6594.0
45,5001,2,2500.5
46,5787,1,5787.0
47,6059,1,6059.0
48,7658,1,7658.0
51,5393,1,5393.0
52,7083,2,3541.5
55,12820,2,6410.0
56,7094,1,7094.0
57,17015,2,8507.5
58,13457,2,6728.5
59,9718,2,4859.0
60,14311,2,7155.5
62,4852,1,4852.0
64,3182,1,3182.0
65,7005,1,7005.0
66,33784,5,6756.8
67,7695,1,7695.0
69,7298,1,7298.0
74,7607,2,3803.5
78,11762,2,5881.0
80,11917,2,5958.5
82,2681,1,2681.0
84,9050,1,9050.0
86,20760,3,6920.0
87,10045,2,5022.5
88,8625,1,8625.0
89,13753,2,6876.5
90,13420,2,6710.0
91,9159,1,9159.0
92,14243,2,7121.5
93,17726,2,8863.0
96,6186,1,6186.0
98,7005,1,7005.0
99,6117,1,6117.0
100,6765,1,6765.0
101,7972,1,7972.0
102,9975,1,9975.0
104,30313,5,6062.6
105,4390,1,4390.0
106,11177,2,5588.5
107,10241,2,5120.5
108,6459,1,6459.0
109,8957,1,8957.0
110,3965,1,3965.0
111,5664,1,5664.0
113,13315,2,6657.5
114,5840,1,5840.0
115,7198,1,7198.0
116,2317,1,2317.0
118,11146,2,5573.0
119,1590,1,1590.0
120,6812,1,6812.0
121,1643,1,1643.0
122,13194,2,6597.0
123,20273,3,6757.666666666667
124,2141,1,2141.0
126,8900,1,8900.0
127,8665,1,8665.0
128,9674,1,9674.0
129,4643,1,4643.0
130,15969,3,5323.0
131,15668,2,7834.0
132,10664,2,5332.0
134,14084,2,7042.0
135,20837,3,6945.666666666667
136,7696,1,7696.0
137,21834,3,7278.0
138,2140,1,2140.0
139,5303,1,5303.0
140,7904,1,7904.0
143,5840,1,5840.0
144,15339,3,5113.0
145,15823,2,7911.5
146,3929,1,3929.0
147,7312,1,7312.0
148,12131,2,6065.5
150,9915,1,9915.0
151,9448,1,9448.0
154,13767,2,6883.5
155,7515,2,3757.5
156,14924,2,7462.0
157,17622,2,8811.0
158,8486,2,4243.0
161,19608,3,6536.0
163,17799,3,5933.0
165,15720,2,7860.0
167,18243,2,9121.5
169,3040,1,3040.0
172,2068,1,2068.0
173,2764,1,2764.0
174,3744,1,3744.0
176,2068,1,2068.0
177,13969,3,4656.333333333333
178,3455,1,3455.0
180,4782,1,4782.0
182,8504,1,8504.0
183,9686,1,9686.0
184,3181,1,3181.0
185,12192,2,6096.0
186,6117,1,6117.0
188,5947,1,5947.0
190,8370,1,8370.0
192,10510,3,3503.3333333333335
195,17658,2,8829.0
197,16407,2,8203.5
201,2764,1,2764.0
203,9252,2,4626.0
204,15232,3,5077.333333333333
205,9940,2,4970.0
206,9286,1,9286.0
207,20296,3,6765.333333333333
210,3389,1,3389.0
211,8364,1,8364.0
213,17500,2,8750.0
214,14234,2,7117.0
216,14796,3,4932.0
217,12881,2,6440.5
218,6375,1,6375.0
219,8369,1,8369.0
220,4581,2,2290.5
222,4537,1,4537.0
223,2681,1,2681.0
224,3769,1,3769.0
225,4732,1,4732.0
226,2425,2,1212.5
228,9294,1,9294.0
233,3769,1,3769.0
235,14420,2,7210.0
236,19326,3,6442.0
238,15576,4,3894.0
240,15055,2,7527.5
242,34333,5,6866.6
243,6762,1,6762.0
244,1853,1,1853.0
245,15148,3,5049.333333333333
246,14005,3,4668.333333333333
252,4766,1,4766.0
254,10097,3,3365.6666666666665
255,4782,1,4782.0
256,19045,3,6348.333333333333
257,8692,2,4346.0
259,13030,2,6515.0
261,3155,1,3155.0
264,9937,1,9937.0
265,12136,2,6068.0
266,9490,2,4745.0
267,11638,2,5819.0
268,2954,1,2954.0
269,13890,3,4630.0
270,2068,1,2068.0
272,3666,1,3666.0
273,7298,1,7298.0
274,11400,2,5700.0
275,9448,1,9448.0
276,1746,1,1746.0
277,8104,1,8104.0
278,5011,1,5011.0
280,4852,1,4852.0
281,5210,1,5210.0
282,15250,2,7625.0
285,4060,1,4060.0
289,9133,1,9133.0
290,9006,2,4503.0
292,12133,2,6066.5
293,13442,2,6721.0
294,1281,1,1281.0
298,5946,2,2973.0
300,6663,1,6663.0
302,2133,1,2133.0
305,14468,2,7234.0
306,4782,1,4782.0
307,4390,1,4390.0
308,3389,1,3389.0
309,5210,1,5210.0
310,16831,2,8415.5
311,9286,1,9286.0
312,3481,1,3481.0
313,4732,1,4732.0
315,2847,1,2847.0
316,2155,1,2155.0
317,14696,2,7348.0
319,10850,2,5425.0
320,9596,1,9596.0
322,2520,1,2520.0
325,4060,1,4060.0
326,3999,2,1999.5
327,9590,1,9590.0
330,4166,1,4166.0
331,8900,1,8900.0
335,9624,3,3208.0
336,3922,1,3922.0
337,16631,2,8315.5
338,13081,2,6540.5
339,3389,1,3389.0
341,5210,1,5210.0
342,11789,2,5894.5
343,30720,4,7680.0
345,12747,3,4249.0
346,20770,3,6923.333333333333
347,28375,4,7093.75
348,9919,1,9919.0
349,4643,1,4643.0
352,9686,1,9686.0
355,8478,1,8478.0
356,8746,1,8746.0
358,12340,2,6170.0
360,16478,3,5492.666666666667
361,5180,1,5180.0
362,13418,2,6709.0
364,11204,2,5602.0
365,19858,3,6619.333333333333
366,2671,1,2671.0
369,1011,1,1011.0
371,7135,1,7135.0
372,6117,1,6117.0
373,4345,1,4345.0
375,16590,2,8295.0
378,9905,2,4952.5
380,6059,1,6059.0
382,8665,1,8665.0
384,12141,2,6070.5
386,11657,2,5828.5
388,3146,1,3146.0
389,6866,1,6866.0
390,10994,2,5497.0
392,8478,1,8478.0
393,14625,3,4875.0
396,16875,2,8437.5
397,11056,2,5528.0
398,16804,2,8402.0
400,7111,1,7111.0
401,8403,2,4201.5
402,22344,3,7448.0
403,9981,1,9981.0
406,2140,1,2140.0
408,9118,1,9118.0
413,6059,1,6059.0
418,7040,1,7040.0
419,6022,2,3011.0
421,8504,1,8504.0
425,7312,1,7312.0
426,19765,3,6588.333333333333
427,6201,2,3100.5
428,6866,1,6866.0
433,7271,2,3635.5
434,4613,2,2306.5
435,2481,1,2481.0
436,16714,2,8357.0
437,3040,1,3040.0
438,9159,1,9159.0
440,2307,1,2307.0
443,26635,4,6658.75
444,1643,1,1643.0
445,18791,3,6263.666666666667
446,7108,1,7108.0
447,6945,1,6945.0
448,7161,2,3580.5
449,10959,2,5479.5
451,5180,1,5180.0
452,9133,1,9133.0
453,15575,2,7787.5
456,2133,1,2133.0
458,12499,2,6249.5
459,7108,1,7108.0
460,4951,1,4951.0
461,1434,1,1434.0
462,3922,1,3922.0
463,11249,2,5624.5
464,8900,1,8900.0
465,2140,1,2140.0
468,2140,1,2140.0
469,7904,1,7904.0
471,14246,2,7123.0
472,9226,3,3075.3333333333335
473,7215,1,7215.0
474,10257,2,5128.5
475,18876,2,9438.0
476,13399,3,4466.333333333333
478,4732,1,4732.0
480,14204,2,7102.0
481,1590,1,1590.0
483,6041,1,6041.0
485,9448,1,9448.0
486,6866,1,6866.0
487,11098,3,3699.3333333333335
489,9975,1,9975.0
490,12507,2,6253.5
491,5840,1,5840.0
492,2274,1,2274.0
493,4537,1,4537.0
494,6663,1,6663.0
495,16496,2,8248.0
498,19853,3,6617.666666666667
501,12252,2,6126.0
502,7238,2,3619.0
503,8846,2,4423.0
505,9590,1,9590.0
506,15374,3,5124.666666666667
507,15142,2,7571.0
509,2068,1,2068.0
510,17067,3,5689.0
511,7401,1,7401.0
514,7340,1,7340.0
518,10432,2,5216.0
520,11268,2,5634.0
521,7808,2,3904.0
522,7972,1,7972.0
525,4766,1,4766.0
528,9674,2,4837.0
529,14467,3,4822.333333333333
530,7328,2,3664.0
531,9571,1,9571.0
533,8124,2,4062.0
534,1643,1,1643.0
536,6827,1,6827.0
537,8504,1,8504.0
539,22875,4,5718.75
540,15360,3,5120.0
542,10102,2,5051.0
543,7340,1,7340.0
544,8732,2,4366.0
545,10887,2,5443.5
546,1397,1,1397.0
547,7383,1,7383.0
550,5862,1,5862.0
551,9159,1,9159.0
552,12530,2,6265.0
553,7939,1,7939.0
554,5715,1,5715.0
555,2847,1,2847.0
556,1423,1,1423.0
559,11052,2,5526.0
560,3339,1,3339.0
562,1746,1,1746.0
563,1011,1,1011.0
566,2906,1,2906.0
567,9915,1,9915.0
569,6274,1,6274.0
570,5787,1,5787.0
571,10984,2,5492.0
573,10564,2,5282.0
575,7198,1,7198.0
579,8311,1,8311.0
580,18090,2,9045.0
582,1853,1,1853.0
583,4345,1,4345.0
584,9852,2,4926.0
585,15961,2,7980.5
587,4341,2,2170.5
588,5862,1,5862.0
589,7904,1,7904.0
593,8778,2,4389.0
594,16731,2,8365.5
596,12403,2,6201.5
599,14519,2,7259.5
600,9083,1,9083.0
601,6995,2,3497.5
603,2481,1,2481.0
605,21757,3,7252.333333333333
606,12814,2,6407.0
607,10659,2,5329.5
609,5303,1,5303.0
610,1434,1,1434.0
612,14305,2,7152.5
616,1968,1,1968.0
617,4060,1,4060.0
618,15774,3,5258.0
620,6542,2,3271.0
621,13460,3,4486.666666666667
622,10593,2,5296.5
623,10671,2,5335.5
624,12784,2,6392.0
625,10366,2,5183.0
627,6867,1,6867.0
629,6945,1,6945.0
630,8478,1,8478.0
631,22004,3,7334.666666666667
633,6274,1,6274.0
634,4345,1,4345.0
635,19269,2,9634.5
636,9679,1,9679.0
637,8746,2,4373.0
638,4058,1,4058.0
639,2076,1,2076.0
640,6762,1,6762.0
641,7111,1,7111.0
643,7751,1,7751.0
644,7108,1,7108.0
645,27309,3,9103.0
646,8996,1,8996.0
647,20686,3,6895.333333333333
651,6326,1,6326.0
653,13579,2,6789.5
655,7111,1,7111.0
656,4555,1,4555.0
657,9296,2,4648.0
658,2954,1,2954.0
659,9915,1,9915.0
662,15470,2,7735.0
663,7198,1,7198.0
664,9209,1,9209.0
666,4732,1,4732.0
667,6765,1,6765.0
668,11716,2,5858.0
669,13985,2,6992.5
670,5715,1,5715.0
671,7401,1,7401.0
673,9368,2,4684.0
674,14134,2,7067.0
675,7939,1,7939.0
680,4951,1,4951.0
683,12852,2,6426.0
684,4555,1,4555.0
690,12357,2,6178.5
691,3666,1,3666.0
692,12833,2,6416.5
693,3155,1,3155.0
694,24659,3,8219.666666666666
695,28931,4,7232.75
698,4166,1,4166.0
699,6663,1,6663.0
700,7556,2,3778.0
701,8122,1,8122.0
702,11603,2,5801.5
703,5210,1,5210.0
704,2847,1,2847.0
705,8665,1,8665.0
711,7658,1,7658.0
712,5966,1,5966.0
713,8957,1,8957.0
715,5388,1,5388.0
716,11296,2,5648.0
718,5119,1,5119.0
719,14195,2,7097.5
722,1643,1,1643.0
723,15698,3,5232.666666666667
724,6059,1,6059.0
725,9686,1,9686.0
727,7658,1,7658.0
729,8382,2,4191.0
730,1643,1,1643.0
733,9511,2,4755.5
737,2307,1,2307.0
738,9590,1,9590.0
739,16106,2,8053.0
741,24126,3,8042.0
742,13322,2,6661.0
743,17288,3,5762.666666666667
744,5859,1,5859.0
745,2472,1,2472.0
747,9286,1,9286.0
749,3040,1,3040.0
750,5715,1,5715.0
753,14540,2,7270.0
754,6634,2,3317.0
755,16560,3,5520.0
756,14452,2,7226.0
757,12470,2,6235.0
758,1541,1,1541.0
759,9835,1,9835.0
760,9429,1,9429.0
762,16442,3,5480.666666666667
763,5559,2,2779.5
764,8702,1,8702.0
765,1746,1,1746.0
766,5863,1,5863.0
768,9640,1,9640.0
771,3300,1,3300.0
772,21102,3,7034.0
773,9571,1,9571.0
774,8504,1,8504.0
775,6117,1,6117.0
776,18969,2,9484.5
778,9209,1,9209.0
782,12688,3,4229.333333333333
784,8893,2,4446.5
786,7683,2,3841.5
788,5405,1,5405.0
790,2764,1,2764.0
791,12224,2,6112.0
793,5966,1,5966.0
795,12386,2,6193.0
796,4537,1,4537.0
797,6344,1,6344.0
800,7695,1,7695.0
803,15701,2,7850.5
804,31211,5,6242.2
805,5141,2,2570.5
806,2520,1,2520.0
808,3300,1,3300.0
811,15260,2,7630.0
812,17466,2,8733.0
814,14719,3,4906.333333333333
815,30716,5,6143.2
816,9404,2,4702.0
817,14474,2,7237.0
819,9686,1,9686.0
820,5211,1,5211.0
822,10001,2,5000.5
823,20509,4,5127.25
824,14880,2,7440.0
826,3929,1,3929.0
828,7933,1,7933.0
831,2155,1,2155.0
835,7094,1,7094.0
836,9674,1,9674.0
837,7340,1,7340.0
838,8370,1,8370.0
839,5392,2,2696.0
840,1938,1,1938.0
842,2141,1,2141.0
843,8721,2,4360.5
845,7729,2,3864.5
846,15553,2,7776.5
847,4450,2,2225.0
849,7134,1,7134.0
850,10957,2,5478.5
851,5180,1,5180.0
852,7110,1,7110.0
854,4555,1,4555.0
855,6274,1,6274.0
856,18129,2,9064.5
857,14523,2,7261.5
858,8504,1,8504.0
859,9855,2,4927.5
860,2140,1,2140.0
862,13447,2,6723.5
863,1923,1,1923.0
866,16118,3,5372.666666666667
868,4852,1,4852.0
869,9429,1,9429.0
870,1853,1,1853.0
871,7383,1,7383.0
875,16782,2,8391.0
876,16513,3,5504.333333333333
877,5211,1,5211.0
878,8996,1,8996.0
879,16465,3,5488.333333333333
880,5859,1,5859.0
881,16770,3,5590.0
882,5715,1,5715.0
883,9806,2,4903.0
884,8370,1,8370.0
889,10468,2,5234.0
890,11079,2,5539.5
894,3392,1,3392.0
895,2671,1,2671.0
896,5947,1,5947.0
897,6117,1,6117.0
898,12222,2,6111.0
899,2520,1,2520.0
901,1434,1,1434.0
902,12389,2,6194.5
904,9118,1,9118.0
906,5393,1,5393.0
910,4166,1,4166.0
911,9330,1,9330.0
912,25175,3,8391.666666666666
914,11762,2,5881.0
917,1434,1,1434.0
918,11568,3,3856.0
919,10727,2,5363.5
920,20099,3,6699.666666666667
923,8311,1,8311.0
926,18523,2,9261.5
928,9010,1,9010.0
930,5787,1,5787.0
931,25918,4,6479.5
932,7134,1,7134.0
933,9429,1,9429.0
934,8720,1,8720.0
935,6041,1,6041.0
936,7696,1,7696.0
939,3952,2,1976.0
940,3146,1,3146.0
941,16065,2,8032.5
943,12438,2,6219.0
944,9159,1,9159.0
945,11090,2,5545.0
946,9499,2,4749.5
947,12586,2,6293.0
949,6637,2,3318.5
951,9919,1,9919.0
955,15082,3,5027.333333333333
956,15458,3,5152.666666666667
959,8122,1,8122.0
962,6762,1,6762.0
966,5303,1,5303.0
967,3339,1,3339.0
968,7972,1,7972.0
970,3182,1,3182.0
972,6663,1,6663.0
973,8166,1,8166.0
974,14350,2,7175.0
975,5405,1,5405.0
976,4136,1,4136.0
977,18911,2,9455.5
980,4732,1,4732.0
981,7005,1,7005.0
983,8166,1,8166.0
985,5119,1,5119.0
988,9237,1,9237.0
989,8702,1,8702.0
990,13352,2,6676.0
991,13897,2,6948.5
993,9314,1,9314.0
994,9674,1,9674.0
995,8720,1,8720.0
997,2764,1,2764.0
998,8661,1,8661.0
1000,10041,2,5020.5
1001,8900,1,8900.0
1002,9915,1,9915.0
1003,13291,3,4430.333333333333
1004,16344,3,5448.0
1007,5276,1,5276.0
1008,9674,1,9674.0
1009,2764,1,2764.0
1010,7198,1,7198.0
1011,9055,2,4527.5
1012,8166,1,8166.0
1013,10402,2,5201.0
1015,15507,2,7753.5
1016,5840,1,5840.0
1017,2076,1,2076.0
1019,16471,3,5490.333333333333
1020,9679,1,9679.0
1023,15710,3,5236.666666666667
1024,3182,1,3182.0
1027,7751,1,7751.0
1030,2140,1,2140.0
1032,5276,1,5276.0
1033,2539,1,2539.0
1035,7815,2,3907.5
1036,7440,1,7440.0
1037,12754,2,6377.0
1038,10616,2,5308.0
1039,17671,3,5890.333333333333
1040,6375,1,6375.0
1041,8370,1,8370.0
1046,16428,3,5476.0
1048,8395,2,4197.5
1050,15183,3,5061.0
1051,15630,2,7815.0
1052,6867,1,6867.0
1054,11870,2,5935.0
1055,4060,1,4060.0
1056,6951,1,6951.0
1057,9815,2,4907.5
1058,12389,2,6194.5
1063,8364,1,8364.0
1064,10777,2,5388.5
1065,8264,2,4132.0
1066,8109,2,4054.5
1067,6696,2,3348.0
1068,2307,1,2307.0
1069,17734,2,8867.0
1072,8804,1,8804.0
1073,4020,1,4020.0
1074,5863,1,5863.0
1079,5388,1,5388.0
1080,9981,1,9981.0
1082,20935,3,6978.333333333333
1083,9679,1,9679.0
1085,2307,1,2307.0
1087,5119,1,5119.0
1088,16156,2,8078.0
1089,5276,1,5276.0
1091,18001,3,6000.333333333333
1092,8746,1,8746.0
1094,8527,2,4263.5
1095,17507,2,8753.5
1096,15332,2,7666.0
1097,24287,3,8095.666666666667
1098,17880,3,5960.0
1099,7215,1,7215.0
1100,8996,1,8996.0
1101,4170,2,2085.0
1102,3300,1,3300.0
1104,7157,1,7157.0
1105,9237,1,9237.0
1106,15322,3,5107.333333333333
1107,2307,1,2307.0
1108,3146,1,3146.0
1109,6117,1,6117.0
1112,8661,1,8661.0
1113,11750,2,5875.0
1116,5947,1,5947.0
1118,18195,4,4548.75
1119,5028,1,5028.0
1121,28295,4,7073.75
1123,9133,2,4566.5
1124,5119,1,5119.0
1125,1181,1,1181.0
1126,12581,2,6290.5
1127,8996,1,8996.0
1128,9697,1,9697.0
1130,1541,1,1541.0
1132,2681,1,2681.0
1133,4821,2,2410.5
1135,23747,3,7915.666666666667
1136,6594,1,6594.0
1137,5862,1,5862.0
1138,5419,2,2709.5
1141,17293,3,5764.333333333333
1142,1011,1,1011.0
1143,8034,2,4017.0
1144,13666,2,6833.0
1145,9837,2,4918.5
1146,2155,1,2155.0
1147,2317,1,2317.0
1148,13570,3,4523.333333333333
1151,9341,2,4670.5
1152,12820,2,6410.0
1153,8988,2,4494.0
1156,18885,2,9442.5
1157,8625,1,8625.0
1158,11999,2,5999.5
1160,2671,1,2671.0
1161,9118,1,9118.0
1162,9697,1,9697.0
1163,11593,2,5796.5
1165,8996,1,8996.0
1168,3389,1,3389.0
1170,13788,3,4596.0
1172,7823,2,3911.5
1173,10068,3,3356.0
1174,12910,2,6455.0
1176,6459,1,6459.0
1177,5028,1,5028.0
1178,4782,1,4782.0
1179,14411,2,7205.5
1181,7440,1,7440.0
1183,25494,3,8498.0
1184,6326,1,6326.0
1185,3929,1,3929.0
1186,3392,1,3392.0
1187,9640,1,9640.0
1188,15437,3,5145.666666666667
1189,4951,1,4951.0
1190,17582,2,8791.0
1191,7040,1,7040.0
1193,9330,1,9330.0
1194,6274,1,6274.0
1195,6375,1,6375.0
1196,1423,1,1423.0
1197,3182,1,3182.0
1198,16868,2,8434.0
1203,18313,2,9156.5
1204,19427,3,6475.666666666667
1205,7972,1,7972.0
1206,9686,1,9686.0
1208,3744,1,3744.0
1210,11599,2,5799.5
1211,11127,2,5563.5
1212,5859,1,5859.0
1213,11922,2,5961.0
1214,3389,1,3389.0
1216,3155,1,3155.0
1217,14051,2,7025.5
1218,5432,1,5432.0
1219,8665,1,8665.0
1222,7340,1,7340.0
1224,8478,1,8478.0
1225,5862,1,5862.0
1226,11964,2,5982.0
1227,18647,3,6215.666666666667
1228,4944,1,4944.0
1229,22845,3,7615.0
1230,22153,4,5538.25
1233,8900,1,8900.0
1234,10186,2,5093.0
1235,2140,1,2140.0
1236,10771,2,5385.5
1238,10077,3,3359.0
1240,8438,2,4219.0
1241,7972,1,7972.0
1243,8403,2,4201.5
1244,13813,2,6906.5
1245,5393,1,5393.0
1246,22704,3,7568.0
1247,7527,2,3763.5
1248,8345,2,4172.5
1252,7413,2,3706.5
1253,5882,2,2941.0
1254,13238,3,4412.666666666667
1255,17020,2,8510.0
1256,15286,2,7643.0
1258,7005,1,7005.0
1259,9314,1,9314.0
1261,7111,1,7111.0
1262,6866,1,6866.0
1263,4060,1,4060.0
1265,5388,1,5388.0
1266,9408,2,4704.0
1267,5093,2,2546.5
1269,21588,4,5397.0
1273,9686,1,9686.0
1276,16078,4,4019.5
1277,2141,1,2141.0
1279,6041,1,6041.0
1281,3300,1,3300.0
1283,15864,2,7932.0
1284,8554,2,4277.0
1285,4766,1,4766.0
1287,7005,1,7005.0
1288,4166,1,4166.0
1290,1762,1,1762.0
1291,8478,1,8478.0
1292,3339,1,3339.0
1294,10036,2,5018.0
1296,16638,2,8319.0
1297,18117,2,9058.5
1298,15537,2,7768.5
1299,6827,1,6827.0
1300,16541,2,8270.5
1302,22456,3,7485.333333333333
1303,2219,1,2219.0
1304,9603,1,9603.0
1305,15138,2,7569.0
1306,5664,1,5664.0
1307,13055,2,6527.5
1308,8504,1,8504.0
1309,4074,1,4074.0
1310,17436,2,8718.0
1311,7110,1,7110.0
1312,15720,2,7860.0
1313,9209,1,9209.0
1314,8392,1,8392.0
1315,9679,1,9679.0
1316,4766,1,4766.0
1317,1541,1,1541.0
1318,2141,1,2141.0
1319,7678,1,7678.0
1320,28317,4,7079.25
1322,3666,1,3666.0
1324,5966,1,5966.0
1325,3521,1,3521.0
1327,6945,1,6945.0
1330,4136,1,4136.0
1331,1643,1,1643.0
1334,7939,1,7939.0
1335,1923,1,1923.0
1337,16131,2,8065.5
1338,13271,2,6635.5
1340,4951,1,4951.0
1341,7108,1,7108.0
1342,1423,1,1423.0
1343,3392,1,3392.0
1347,2764,1,2764.0
1348,8124,2,4062.0
1350,12856,2,6428.0
1352,18463,4,4615.75
1356,2141,1,2141.0
1357,9937,1,9937.0
1358,7933,1,7933.0
1359,3181,1,3181.0
1360,11083,2,5541.5
1361,13872,2,6936.0
1364,13436,3,4478.666666666667
1365,9416,2,4708.0
1366,3040,1,3040.0
1367,9679,1,9679.0
1370,2317,1,2317.0
1373,9159,1,9159.0
1375,8396,2,4198.0
1376,6945,1,6945.0
1377,9590,1,9590.0
1379,6186,1,6186.0
1381,4537,1,4537.0
1382,5405,1,5405.0
1383,3389,1,3389.0
1384,15891,3,5297.0
1386,9640,1,9640.0
1389,12669,2,6334.5
1390,9919,1,9919.0
1392,8364,1,8364.0
1393,8369,1,8369.0
1394,8166,1,8166.0
1396,20443,3,6814.333333333333
1398,11478,2,5739.0
1399,5180,1,5180.0
1400,10565,2,5282.5
1401,3481,1,3481.0
1403,12142,2,6071.0
1404,9209,1,9209.0
1405,7110,1,7110.0
1406,1397,1,1397.0
1407,7751,1,7751.0
1408,10679,2,5339.5
1410,8166,1,8166.0
1411,4020,1,4020.0
1412,17135,2,8567.5
1416,6484,2,3242.0
1417,24152,3,8050.666666666667
1419,16576,3,5525.333333333333
1420,5405,1,5405.0
1421,1938,1,1938.0
1423,2472,1,2472.0
1426,5276,1,5276.0
1429,7215,1,7215.0
1430,3339,1,3339.0
1431,1541,1,1541.0
1432,9686,1,9686.0
1433,7933,1,7933.0
1434,12828,2,6414.0
1436,9686,1,9686.0
1439,8370,1,8370.0
1440,6945,1,6945.0
1441,4643,1,4643.0
1444,12872,2,6436.0
1445,5303,1,5303.0
1449,6848,1,6848.0
1450,6059,1,6059.0
1451,24052,3,8017.333333333333
1452,14892,3,4964.0
1453,6663,1,6663.0
1454,9981,1,9981.0
1457,12299,2,6149.5
1459,1397,1,1397.0
1461,9066,3,3022.0
1463,13074,2,6537.0
1466,7401,1,7401.0
1469,17123,2,8561.5
1470,9330,1,9330.0
1471,8392,1,8392.0
1476,3455,1,3455.0
1478,5401,2,2700.5
1479,10216,2,5108.0
1483,20403,5,4080.6
1484,8504,1,8504.0
1485,12271,2,6135.5
1486,8478,1,8478.0
1487,8804,1,8804.0
1488,19665,3,6555.0
1492,4074,1,4074.0
1493,2140,1,2140.0
1494,4944,1,4944.0
1495,6059,1,6059.0
1497,4166,1,4166.0
1501,9492,1,9492.0
1502,2219,1,2219.0
1503,4643,1,4643.0
1506,8582,3,2860.6666666666665
1507,21270,3,7090.0
1509,13130,3,4376.666666666667
1511,3744,1,3744.0
1512,3744,1,3744.0
1513,22984,4,5746.0
1516,8369,1,8369.0
1517,16217,2,8108.5
1519,5211,1,5211.0
1521,15639,2,7819.5
1522,9596,1,9596.0
1524,7258,3,2419.3333333333335
1525,20072,3,6690.666666666667
1526,8625,1,8625.0
1527,15674,2,7837.0
1529,9474,2,4737.0
1530,15159,2,7579.5
1531,16693,3,5564.333333333333
1532,20886,5,4177.2
1533,14028,2,7014.0
1534,19211,2,9605.5
1535,8014,2,4007.0
1536,2076,1,2076.0
1537,18024,3,6008.0
1538,9697,1,9697.0
1539,18702,3,6234.0
1540,8804,1,8804.0
1541,1434,1,1434.0
1543,14506,2,7253.0
1544,4951,1,4951.0
1546,7134,1,7134.0
1547,2764,1,2764.0
1548,12751,2,6375.5
1550,2307,1,2307.0
1551,8478,1,8478.0
1552,7751,1,7751.0
1554,8720,1,8720.0
1556,1397,1,1397.0
1559,16912,2,8456.0
1561,7706,1,7706.0
1567,14906,3,4968.666666666667
1568,7110,1,7110.0
1569,5151,2,2575.5
1571,16586,3,5528.666666666667
1573,8478,1,8478.0
1574,9981,2,4990.5
1575,9571,1,9571.0
1576,17693,3,5897.666666666667
1577,12859,3,4286.333333333333
1579,16107,2,8053.5
1581,8122,1,8122.0
1583,10644,2,5322.0
1585,7135,1,7135.0
1586,9802,2,4901.0
1589,16601,2,8300.5
1591,2274,1,2274.0
1593,4951,1,4951.0
1594,3339,1,3339.0
1596,7110,1,7110.0
1597,13604,3,4534.666666666667
1598,10635,2,5317.5
1600,8364,1,8364.0
1604,2671,1,2671.0
1605,23204,4,5801.0
1606,20688,4,5172.0
1607,9040,2,4520.0
1608,20411,3,6803.666666666667
1611,21634,3,7211.333333333333
1612,17914,3,5971.333333333333
1613,3155,1,3155.0
1617,7198,1,7198.0
1618,2520,1,2520.0
1620,20672,3,6890.666666666667
1621,3922,1,3922.0
1623,3521,1,3521.0
1624,4766,1,4766.0
1625,16040,3,5346.666666666667
1626,9230,1,9230.0
1627,2764,1,2764.0
1630,3929,1,3929.0
1631,3965,1,3965.0
1632,3181,1,3181.0
1634,7658,1,7658.0
1635,9937,1,9937.0
1636,8665,1,8665.0
1639,8485,1,8485.0
1640,5859,1,5859.0
1641,12849,2,6424.5
1642,8040,2,4020.0
1643,11277,2,5638.5
1644,15677,3,5225.666666666667
1645,18410,3,6136.666666666667
1652,4852,1,4852.0
1653,7939,1,7939.0
1655,14668,2,7334.0
1656,10997,2,5498.5
1659,9492,1,9492.0
1660,3070,2,1535.0
1661,1434,1,1434.0
1664,12702,3,4234.0
1665,6117,1,6117.0
1666,18659,2,9329.5
1667,5787,1,5787.0
1668,11659,2,5829.5
1669,4058,1,4058.0
1670,3481,1,3481.0
1671,7972,1,7972.0
1673,5210,1,5210.0
1675,11716,2,5858.0
1678,1643,1,1643.0
1679,2155,1,2155.0
1681,6336,2,3168.0
1682,1938,1,1938.0
1683,6812,1,6812.0
1688,8485,1,8485.0
1690,6827,1,6827.0
1692,9937,1,9937.0
1694,7621,2,3810.5
1695,7103,2,3551.5
1696,16356,2,8178.0
1700,9315,2,4657.5
1702,31080,4,7770.0
1703,8957,1,8957.0
1704,3392,1,3392.0
1705,5393,1,5393.0
1707,6827,1,6827.0
1709,2317,1,2317.0
1710,6827,1,6827.0
1711,3769,1,3769.0
1713,7775,2,3887.5
1714,1541,1,1541.0
1715,4759,2,2379.5
1717,17953,2,8976.5
1718,4058,1,4058.0
1720,9640,1,9640.0
1722,5119,1,5119.0
1724,11897,2,5948.5
1728,9981,1,9981.0
1729,12477,2,6238.5
1730,9050,1,9050.0
1731,8900,1,8900.0
1733,1923,1,1923.0
1734,3040,1,3040.0
1736,7111,1,7111.0
1739,4136,1,4136.0
1740,9674,1,9674.0
1741,18757,2,9378.5
1744,8311,1,8311.0
1747,14466,2,7233.0
1748,19927,3,6642.333333333333
1751,9159,1,9159.0
1752,7696,1,7696.0
1753,5840,1,5840.0
1754,6459,1,6459.0
1756,11851,2,5925.5
1757,13128,4,3282.0
1758,2141,1,2141.0
1759,9674,1,9674.0
1760,7695,1,7695.0
1762,1181,1,1181.0
1764,9431,2,4715.5
1765,27515,3,9171.666666666666
1766,2954,1,2954.0
1767,7157,1,7157.0
1768,9590,1,9590.0
1769,7198,1,7198.0
1770,2472,1,2472.0
1771,6827,1,6827.0
1772,18646,2,9323.0
1773,11069,2,5534.5
1774,1541,1,1541.0
1776,8122,1,8122.0
1778,3666,1,3666.0
1780,7005,1,7005.0
1781,10144,2,5072.0
1782,7005,1,7005.0
1785,6457,1,6457.0
1787,11681,2,5840.5
1789,5210,1,5210.0
1790,4166,1,4166.0
1795,10426,2,5213.0
1796,15112,4,3778.0
1798,5947,1,5947.0
1799,11056,3,3685.3333333333335
1800,17053,2,8526.5
1801,14759,3,4919.666666666667
1802,1541,1,1541.0
1804,7298,1,7298.0
1806,4058,1,4058.0
1807,13483,2,6741.5
1808,6827,1,6827.0
1809,6274,1,6274.0
1810,4060,1,4060.0
1811,20415,3,6805.0
1813,7528,2,3764.0
1814,4345,1,4345.0
1816,6951,1,6951.0
1817,5180,1,5180.0
1818,16936,2,8468.0
1819,12174,2,6087.0
1826,15662,2,7831.0
1827,6762,1,6762.0
1828,1281,1,1281.0
1829,14492,2,7246.0
1833,6041,1,6041.0
1834,7706,1,7706.0
1835,14669,2,7334.5
1838,7440,1,7440.0
1839,4020,1,4020.0
1840,4020,1,4020.0
1841,1397,1,1397.0
1843,7111,1,7111.0
1844,6906,2,3453.0
1845,1002,1,1002.0
1847,11144,2,5572.0
1850,2911,1,2911.0
1851,22539,3,7513.0
1852,2274,1,2274.0
1855,2076,1,2076.0
1856,9330,1,9330.0
1857,1011,1,1011.0
1859,4136,1,4136.0
1860,13802,2,6901.0
1862,9603,1,9603.0
1863,4058,1,4058.0
1865,8438,2,4219.0
1868,3040,1,3040.0
1869,11588,2,5794.0
1870,9697,1,9697.0
1871,6866,1,6866.0
1872,7383,1,7383.0
1873,2133,1,2133.0
1875,14866,2,7433.0
1876,6459,1,6459.0
1878,9237,1,9237.0
1880,19824,4,4956.0
1882,3181,1,3181.0
1883,9975,1,9975.0
1884,12151,2,6075.5
1885,10147,2,5073.5
1886,1002,1,1002.0
1888,8364,1,8364.0
1889,9915,1,9915.0
1891,8702,1,8702.0
1892,3965,1,3965.0
1893,5863,1,5863.0
1894,7108,1,7108.0
1897,18785,4,4696.25
1899,9314,1,9314.0
1900,8561,2,4280.5
1901,3455,1,3455.0
1903,9919,1,9919.0
1904,7968,4,1992.0
1906,5506,2,2753.0
1907,10877,2,5438.5
1908,5862,1,5862.0
1910,3339,1,3339.0
1912,6951,1,6951.0
1914,8720,1,8720.0
1916,15296,3,5098.666666666667
1917,12851,2,6425.5
1918,14255,2,7127.5
1922,7658,1,7658.0
1924,1590,1,1590.0
1925,1590,1,1590.0
1927,13083,2,6541.5
1928,13051,2,6525.5
1929,9237,1,9237.0
1932,11059,2,5529.5
1935,14385,2,7192.5
1936,5180,1,5180.0
1937,9429,1,9429.0
1938,6827,1,6827.0
1939,7904,1,7904.0
1943,6041,1,6041.0
1945,13717,2,6858.5
1946,12701,2,6350.5
1948,13696,2,6848.0
1951,10205,2,5102.5
1953,4944,1,4944.0
1954,11975,2,5987.5
1955,13591,2,6795.5
1956,29897,4,7474.25
1957,27049,3,9016.333333333334
1959,16558,2,8279.0
1960,15251,2,7625.5
1961,15186,2,7593.0
1962,9937,1,9937.0
1963,8166,1,8166.0
1964,9279,2,4639.5
1966,9448,1,9448.0
1970,4058,1,4058.0
1971,7242,2,3621.0
1973,5664,1,5664.0
1976,18827,4,4706.75
1978,5210,1,5210.0
1981,6425,2,3212.5
1982,9050,1,9050.0
1984,24236,3,8078.666666666667
1985,2911,1,2911.0
1986,8364,1,8364.0
1988,6274,1,6274.0
1989,7933,1,7933.0
1990,16875,2,8437.5
1991,14805,2,7402.5
1992,9571,1,9571.0
1993,5211,1,5211.0
1994,1643,1,1643.0
1995,13984,2,6992.0
1997,6848,1,6848.0
1999,4020,1,4020.0
2003,9041,2,4520.5
2004,9118,1,9118.0
2005,7111,1,7111.0
2008,5544,2,2772.0
2012,2274,1,2274.0
2014,5393,1,5393.0
2015,2764,1,2764.0
2018,3455,1,3455.0
2019,9674,1,9674.0
2021,10813,2,5406.5
2023,20899,3,6966.333333333333
2027,16745,2,8372.5
2028,24503,3,8167.666666666667
2029,19598,3,6532.666666666667
2030,17110,2,8555.0
2031,27953,4,6988.25
2032,2520,1,2520.0
2033,8104,1,8104.0
2034,5393,1,5393.0
2037,8370,1,8370.0
2038,12325,2,6162.5
2039,31366,5,6273.2
2040,5840,1,5840.0
2041,8705,2,4352.5
2044,6826,2,3413.0
2045,4060,1,4060.0
2046,19101,3,6367.0
2048,2681,1,2681.0
2049,9937,1,9937.0
2050,4782,1,4782.0
2051,6041,1,6041.0
2053,16868,2,8434.0
2055,4166,1,4166.0
2056,5303,1,5303.0
2058,6344,1,6344.0
2059,8746,1,8746.0
2060,5180,1,5180.0
2061,6660,2,3330.0
2063,8166,1,8166.0
2065,5432,1,5432.0
2067,3922,1,3922.0
2068,10887,2,5443.5
2069,9674,1,9674.0
2070,11683,2,5841.5
2071,1434,1,1434.0
2075,15840,3,5280.0
2076,14055,2,7027.5
2078,7312,1,7312.0
2079,7440,1,7440.0
2080,10184,2,5092.0
2081,6239,2,3119.5
2082,12470,2,6235.0
2083,9010,1,9010.0
2084,2671,1,2671.0
2085,20683,3,6894.333333333333
2088,5210,1,5210.0
2090,3922,1,3922.0
2091,6861,2,3430.5
2092,7972,1,7972.0
2093,11846,2,5923.0
2096,27103,4,6775.75
2097,2155,1,2155.0
2099,6762,1,6762.0
2100,24218,3,8072.666666666667
2101,5276,1,5276.0
2107,19976,3,6658.666666666667
2108,11218,2,5609.0
2109,14611,2,7305.5
2112,9286,1,9286.0
2113,13251,2,6625.5
2114,6848,1,6848.0
2116,14884,3,4961.333333333333
2117,22334,3,7444.666666666667
2118,2140,1,2140.0
2119,9133,1,9133.0
2122,9981,1,9981.0
2124,9435,2,4717.5
2125,4020,1,4020.0
2126,3040,1,3040.0
2127,9237,1,9237.0
2128,15052,3,5017.333333333333
2129,7383,1,7383.0
2130,5859,1,5859.0
2131,9943,2,4971.5
2132,3389,1,3389.0
2136,20944,5,4188.8
2139,9679,1,9679.0
2140,5432,1,5432.0
2141,7696,1,7696.0
2142,14834,3,4944.666666666667
2143,2140,1,2140.0
2146,8478,1,8478.0
2147,7178,2,3589.0
2148,3040,1,3040.0
2151,7440,1,7440.0
2154,3300,1,3300.0
2157,2520,1,2520.0
2159,16862,3,5620.666666666667
2160,6460,2,3230.0
2161,6124,1,6124.0
2162,2954,1,2954.0
2163,11485,2,5742.5
2166,6765,1,6765.0
2167,19620,3,6540.0
2168,9915,1,9915.0
2169,8504,1,8504.0
2171,21120,3,7040.0
2173,12841,3,4280.333333333333
2174,9981,1,9981.0
2175,3300,1,3300.0
2177,12168,2,6084.0
2182,7135,1,7135.0
2183,11589,2,5794.5
2185,13409,2,6704.5
2186,9230,1,9230.0
2187,4766,1,4766.0
2188,2671,1,2671.0
2189,12178,2,6089.0
2190,3339,1,3339.0
2191,2943,2,1471.5
2192,16989,2,8494.5
2193,1181,1,1181.0
2195,8122,1,8122.0
2196,5840,1,5840.0
2197,5119,1,5119.0
2198,9237,1,9237.0
2201,4058,1,4058.0
2202,10080,2,5040.0
2203,6945,1,6945.0
2204,11618,2,5809.0
2206,8485,1,8485.0
2207,3146,1,3146.0
2208,15662,2,7831.0
2211,8104,1,8104.0
2212,1434,1,1434.0
2214,10391,2,5195.5
2215,10073,2,5036.5
2216,5119,1,5119.0
2217,11725,2,5862.5
2220,6124,1,6124.0
2221,10152,2,5076.0
2222,9492,1,9492.0
2223,9667,2,4833.5
2224,12531,2,6265.5
2225,16065,2,8032.5
2226,12614,2,6307.0
2228,33380,4,8345.0
2229,7111,1,7111.0
2230,5966,1,5966.0
2231,4852,1,4852.0
2232,6812,1,6812.0
2233,17832,3,5944.0
2237,7383,1,7383.0
2238,10486,2,5243.0
2239,8364,1,8364.0
2240,6457,1,6457.0
2243,8625,1,8625.0
2244,8804,1,8804.0
2246,3481,1,3481.0
2249,5840,1,5840.0
2250,2076,1,2076.0
2251,9133,1,9133.0
2253,1762,1,1762.0
2254,16877,3,5625.666666666667
2255,6274,1,6274.0
2258,17113,2,8556.5
2260,4058,1,4058.0
2263,9686,1,9686.0
2264,9919,1,9919.0
2265,4020,1,4020.0
2268,8665,1,8665.0
2269,3965,1,3965.0
2270,7298,1,7298.0
2272,4555,1,4555.0
2273,8996,1,8996.0
2274,23556,3,7852.0
2279,7706,1,7706.0
2280,5863,1,5863.0
2281,2274,1,2274.0
2282,8959,2,4479.5
2283,4766,1,4766.0
2287,8996,1,8996.0
2288,1643,1,1643.0
2291,28116,4,7029.0
2292,12371,2,6185.5
2294,18896,3,6298.666666666667
2297,5405,1,5405.0
2298,23211,3,7737.0
2300,10721,2,5360.5
2301,12683,2,6341.5
2302,6765,1,6765.0
2305,11988,3,3996.0
2307,17988,2,8994.0
2308,7706,1,7706.0
2309,1181,1,1181.0
2310,5859,1,5859.0
2311,7678,1,7678.0
2312,29843,4,7460.75
2314,9448,1,9448.0
2315,18701,2,9350.5
2316,8504,1,8504.0
2317,7383,1,7383.0
2319,6812,1,6812.0
2320,7939,1,7939.0
2323,5211,1,5211.0
2325,9294,1,9294.0
2327,8424,1,8424.0
2331,6848,1,6848.0
2333,1541,1,1541.0
2335,8157,2,4078.5
2337,5947,1,5947.0
2338,7344,2,3672.0
2339,7298,1,7298.0
2340,11242,2,5621.0
2343,8104,1,8104.0
2345,12983,2,6491.5
2346,1423,1,1423.0
2347,6867,1,6867.0
2351,1281,1,1281.0
2352,6827,1,6827.0
2360,9445,2,4722.5
2361,5028,1,5028.0
2362,12354,3,4118.0
2363,11165,2,5582.5
2366,7696,1,7696.0
2370,26362,3,8787.333333333334
2371,8565,2,4282.5
2374,6281,3,2093.6666666666665
2375,18252,2,9126.0
2376,4074,1,4074.0
2378,6594,1,6594.0
2380,11826,2,5913.0
2381,8485,1,8485.0
2385,5119,1,5119.0
2386,3929,1,3929.0
2388,9519,2,4759.5
2391,21377,3,7125.666666666667
2392,5028,1,5028.0
2393,7215,1,7215.0
2394,20229,4,5057.25
2397,7933,1,7933.0
2398,3040,1,3040.0
2400,7484,2,3742.0
2401,10523,2,5261.5
2402,27726,4,6931.5
2403,5393,1,5393.0
2404,10305,2,5152.5
2405,4136,1,4136.0
2406,20407,3,6802.333333333333
2408,7215,1,7215.0
2409,5119,1,5119.0
2410,9083,1,9083.0
2411,20048,3,6682.666666666667
2412,14069,2,7034.5
2416,6945,1,6945.0
2417,31770,5,6354.0
2418,1011,1,1011.0
2420,2847,1,2847.0
2421,9571,1,9571.0
2422,5432,1,5432.0
2423,4166,1,4166.0
2425,2317,1,2317.0
2426,9640,1,9640.0
2429,18562,2,9281.0
2432,21270,4,5317.5
2433,11372,3,3790.6666666666665
2434,7440,1,7440.0
2436,6274,1,6274.0
2437,7005,1,7005.0
2438,9915,1,9915.0
2439,6059,1,6059.0
2443,8924,2,4462.0
2444,9286,1,9286.0
2445,7135,1,7135.0
2446,1181,1,1181.0
2447,4060,1,4060.0
2448,8364,1,8364.0
2450,10379,2,5189.5
2451,7135,1,7135.0
2452,8395,2,4197.5
2453,6124,1,6124.0
2454,14265,2,7132.5
2457,15551,3,5183.666666666667
2458,8661,1,8661.0
2459,7401,1,7401.0
2464,25460,5,5092.0
2465,13706,2,6853.0
2466,6375,1,6375.0
2467,1746,1,1746.0
2471,6762,1,6762.0
2472,4074,1,4074.0
2474,7383,1,7383.0
2475,5715,1,5715.0
2477,3965,1,3965.0
2479,14161,2,7080.5
2480,16964,2,8482.0
2482,6765,1,6765.0
2484,2906,1,2906.0
2486,13088,2,6544.0
2487,6059,1,6059.0
2488,16065,2,8032.5
2489,14413,3,4804.333333333333
2490,6762,1,6762.0
2496,5715,1,5715.0
2497,15888,2,7944.0
2499,11539,2,5769.5
2500,4390,1,4390.0
2501,6326,1,6326.0
2502,20633,3,6877.666666666667
2503,6375,1,6375.0
2505,6594,1,6594.0
2507,7751,1,7751.0
2509,6375,1,6375.0
2510,6457,1,6457.0
2511,18689,2,9344.5
2512,2954,1,2954.0
2513,7904,1,7904.0
2516,9050,1,9050.0
2517,5840,1,5840.0
2518,5405,1,5405.0
2519,2954,1,2954.0
2521,2317,1,2317.0
2526,19564,3,6521.333333333333
2527,1590,1,1590.0
2528,11577,3,3859.0
2529,2764,1,2764.0
2531,7138,1,7138.0
2532,9492,1,9492.0
2534,24040,3,8013.333333333333
2535,24178,4,6044.5
2539,25360,4,6340.0
2540,6124,1,6124.0
2542,2472,1,2472.0
2543,3481,1,3481.0
2544,9596,1,9596.0
2545,7401,1,7401.0
2546,18364,2,9182.0
2547,4766,1,4766.0
2549,7040,1,7040.0
2550,8369,1,8369.0
2552,10583,2,5291.5
2553,9268,2,4634.0
2554,2847,1,2847.0
2555,7706,1,7706.0
2556,2906,1,2906.0
2560,15638,2,7819.0
2565,14139,2,7069.5
2566,13041,2,6520.5
2567,8485,1,8485.0
2568,11795,2,5897.5
2569,7383,1,7383.0
2571,8365,2,4182.5
2573,28989,5,5797.8
2574,7094,1,7094.0
2575,15666,2,7833.0
2577,17664,2,8832.0
2579,9825,2,4912.5
2580,6375,1,6375.0
2587,7040,1,7040.0
2591,2141,1,2141.0
2592,12050,2,6025.0
2593,12644,2,6322.0
2596,7005,1,7005.0
2597,8025,2,4012.5
2600,8625,1,8625.0
2601,8392,1,8392.0
2602,9118,1,9118.0
2603,6124,1,6124.0
2604,13565,2,6782.5
2606,6816,2,3408.0
2607,2911,1,2911.0
2608,8424,1,8424.0
2609,30833,4,7708.25
2610,2671,1,2671.0
2611,9697,1,9697.0
2612,8702,1,8702.0
2613,14834,2,7417.0
2614,8957,1,8957.0
2615,9975,1,9975.0
2617,16961,2,8480.5
2618,18488,2,9244.0
2619,11040,2,5520.0
2622,8364,1,8364.0
2624,17913,3,5971.0
2625,4166,1,4166.0
2626,20464,3,6821.333333333333
2629,8340,2,4170.0
2630,13610,2,6805.0
2632,8804,1,8804.0
2634,10376,2,5188.0
2636,6059,1,6059.0
2640,14080,2,7040.0
2641,8979,2,4489.5
2642,19958,3,6652.666666666667
2643,12423,2,6211.5
2644,7110,1,7110.0
2646,13343,3,4447.666666666667
2648,3300,1,3300.0
2649,9915,1,9915.0
2650,8720,1,8720.0
2651,9915,1,9915.0
2653,7440,1,7440.0
2655,3521,1,3521.0
2657,2133,1,2133.0
2658,8993,2,4496.5
2659,4390,1,4390.0
2660,6945,1,6945.0
2661,13936,3,4645.333333333333
2662,6636,2,3318.0
2664,8996,1,8996.0
2665,9590,1,9590.0
2666,6124,1,6124.0
2667,4643,1,4643.0
2671,5011,1,5011.0
2672,6827,1,6827.0
2673,16001,2,8000.5
2677,3181,1,3181.0
2678,9532,2,4766.0
2679,3182,1,3182.0
2681,8246,2,4123.0
2682,7100,2,3550.0
2684,15146,2,7573.0
2686,1923,1,1923.0
2687,4766,1,4766.0
2690,8047,2,4023.5
2692,7696,1,7696.0
2693,2317,1,2317.0
2694,9237,1,9237.0
2695,22065,4,5516.25
2696,2219,1,2219.0
2699,6199,2,3099.5
2700,7695,1,7695.0
2701,7340,1,7340.0
2702,7939,1,7939.0
2703,16833,2,8416.5
2706,6186,1,6186.0
2708,1281,1,1281.0
2709,9937,1,9937.0
2711,15753,2,7876.5
2712,2954,1,2954.0
2713,9010,1,9010.0
2714,3929,1,3929.0
2716,2219,1,2219.0
2717,3392,1,3392.0
2718,16804,2,8402.0
2719,15759,2,7879.5
2723,17072,2,8536.0
2724,2481,1,2481.0
2725,9640,1,9640.0
2726,8104,1,8104.0
2727,6059,1,6059.0
2729,12986,2,6493.0
2730,5862,1,5862.0
2731,2954,1,2954.0
2732,8485,1,8485.0
2733,6059,1,6059.0
2734,15673,2,7836.5
2735,11085,2,5542.5
2736,9492,1,9492.0
2739,20278,3,6759.333333333333
2741,2317,1,2317.0
2744,9230,1,9230.0
2745,5715,1,5715.0
2747,4058,1,4058.0
2749,5393,1,5393.0
2750,9270,2,4635.0
2751,8364,1,8364.0
2753,6375,1,6375.0
2757,8369,1,8369.0
2758,8618,2,4309.0
2759,7904,1,7904.0
2762,9571,1,9571.0
2763,5432,1,5432.0
2764,16770,2,8385.0
2766,15815,2,7907.5
2768,22136,3,7378.666666666667
2772,3922,1,3922.0
2773,9603,1,9603.0
2776,8424,1,8424.0
2778,13993,2,6996.5
2779,12619,3,4206.333333333333
2780,4944,1,4944.0
2782,11735,2,5867.5
2783,3339,1,3339.0
2784,10905,2,5452.5
2785,18163,3,6054.333333333333
2787,22652,3,7550.666666666667
2788,11305,2,5652.5
2789,31214,4,7803.5
2792,8047,2,4023.5
2793,4537,1,4537.0
2795,1853,1,1853.0
2797,9492,1,9492.0
2799,14682,2,7341.0
2801,2472,1,2472.0
2802,8665,1,8665.0
2803,10249,2,5124.5
2804,5211,1,5211.0
2806,12321,3,4107.0
2807,4766,1,4766.0
2808,8283,2,4141.5
2812,15769,2,7884.5
2815,14683,2,7341.5
2816,1853,1,1853.0
2818,4020,1,4020.0
2823,2906,1,2906.0
2826,3155,1,3155.0
2827,7383,1,7383.0
2829,9981,1,9981.0
2830,31024,4,7756.0
2831,30760,5,6152.0
2832,1590,1,1590.0
2833,21909,3,7303.0
2834,8746,1,8746.0
2835,6344,1,6344.0
2836,9050,1,9050.0
2838,5947,1,5947.0
2839,7298,1,7298.0
2841,3929,1,3929.0
2842,9456,2,4728.0
2843,7305,2,3652.5
2845,3929,1,3929.0
2846,2539,1,2539.0
2847,9314,1,9314.0
2849,9237,1,9237.0
2850,15630,2,7815.0
2852,14422,3,4807.333333333333
2854,15862,2,7931.0
2855,21647,3,7215.666666666667
2857,2141,1,2141.0
2859,1423,1,1423.0
2860,12516,2,6258.0
2861,2481,1,2481.0
2862,13809,3,4603.0
2865,6581,2,3290.5
2866,7198,1,7198.0
2867,11805,2,5902.5
2868,9329,2,4664.5
2869,9448,1,9448.0
2871,8746,1,8746.0
2873,19829,3,6609.666666666667
2877,18498,2,9249.0
2878,12327,2,6163.5
2880,1590,1,1590.0
2881,6344,1,6344.0
2882,9590,1,9590.0
2883,3181,1,3181.0
2884,9236,2,4618.0
2885,12453,2,6226.5
2886,17737,2,8868.5
2887,14405,2,7202.5
2888,17709,3,5903.0
2890,12905,2,6452.5
2892,2911,1,2911.0
2893,1397,1,1397.0
2894,15905,2,7952.5
2895,15001,2,7500.5
2896,6866,1,6866.0
2898,9133,1,9133.0
2899,21753,3,7251.0
2901,5227,2,2613.5
2902,6124,1,6124.0
2904,7358,1,7358.0
2906,5664,1,5664.0
2907,1746,1,1746.0
2909,12780,2,6390.0
2910,10702,2,5351.0
2911,2140,1,2140.0
2912,7352,2,3676.0
2913,9429,1,9429.0
2916,18276,3,6092.0
2917,6274,1,6274.0
2919,13162,2,6581.0
2920,10827,2,5413.5
2921,1938,1,1938.0
2922,7094,1,7094.0
2924,6765,1,6765.0
2925,9271,2,4635.5
2926,15560,2,7780.0
2928,17379,2,8689.5
2929,11893,2,5946.5
2931,9339,2,4669.5
2934,9308,2,4654.0
2935,8017,2,4008.5
2936,6663,1,6663.0
2937,17510,2,8755.0
2938,3300,1,3300.0
2940,11273,2,5636.5
2941,8661,1,8661.0
2943,6117,1,6117.0
2944,25426,4,6356.5
2945,11180,2,5590.0
2946,8127,2,4063.5
2947,9453,2,4726.5
2948,1853,1,1853.0
2951,1002,1,1002.0
2952,12314,2,6157.0
2954,9159,1,9159.0
2955,4852,1,4852.0
2956,16491,2,8245.5
2957,6059,1,6059.0
2959,8661,1,8661.0
2960,8370,1,8370.0
2961,2068,1,2068.0
2962,7706,1,7706.0
2963,5859,1,5859.0
2965,9237,1,9237.0
2966,8625,1,8625.0
2968,7108,1,7108.0
2969,6117,1,6117.0
2970,4643,1,4643.0
2971,23419,4,5854.75
2972,7763,2,3881.5
2977,1434,1,1434.0
2980,3181,1,3181.0
2983,4345,1,4345.0
2984,7401,1,7401.0
2985,1853,1,1853.0
2987,2133,1,2133.0
2988,9159,1,9159.0
2989,15320,2,7660.0
2990,8542,2,4271.0
2994,2539,1,2539.0
2995,12790,2,6395.0
2996,11141,2,5570.5
2998,2307,1,2307.0
3000,10854,2,5427.0
3001,8996,1,8996.0
3003,5947,1,5947.0
3006,17213,2,8606.5
3008,9133,1,9133.0
3009,9613,2,4806.5
3010,18665,3,6221.666666666667
3012,3389,1,3389.0
3016,7198,1,7198.0
3021,6409,2,3204.5
3022,3455,1,3455.0
3023,9981,1,9981.0
3025,2911,1,2911.0
3026,24420,4,6105.0
3027,5227,2,2613.5
3028,14042,2,7021.0
3029,2472,1,2472.0
3030,7312,1,7312.0
3031,6762,1,6762.0
3034,8122,1,8122.0
3035,4136,1,4136.0
3039,9571,1,9571.0
3040,2307,1,2307.0
3043,25019,3,8339.666666666666
3044,8122,1,8122.0
3045,8443,2,4221.5
3047,6765,1,6765.0
3048,9855,2,4927.5
3049,17050,2,8525.0
3050,9353,2,4676.5
3051,12667,2,6333.5
3052,10440,2,5220.0
3053,10884,2,5442.0
3054,15885,2,7942.5
3055,3040,1,3040.0
3056,2481,1,2481.0
3057,13046,2,6523.0
3058,8152,2,4076.0
3059,24118,4,6029.5
3061,6866,1,6866.0
3062,2068,1,2068.0
3064,9696,2,4848.0
3065,1853,1,1853.0
3067,20439,3,6813.0
3068,4020,1,4020.0
3070,7358,1,7358.0
3072,9981,1,9981.0
3073,10550,3,3516.6666666666665
3074,6084,2,3042.0
3076,9209,1,9209.0
3078,11094,2,5547.0
3079,7040,1,7040.0
3080,18372,3,6124.0
3083,14884,2,7442.0
3084,16708,2,8354.0
3085,4136,1,4136.0
3087,9002,2,4501.0
3090,9286,1,9286.0
3092,9314,1,9314.0
3093,10423,2,5211.5
3095,1923,1,1923.0
3099,2219,1,2219.0
3100,6459,1,6459.0
3102,10533,2,5266.5
3103,8795,2,4397.5
3104,15297,2,7648.5
3105,9429,1,9429.0
3106,6594,1,6594.0
3108,34972,5,6994.4
3109,10920,2,5460.0
3111,20259,3,6753.0
3114,8162,2,4081.0
3115,8364,1,8364.0
3117,3276,2,1638.0
3118,3040,1,3040.0
3119,12442,3,4147.333333333333
3120,4789,2,2394.5
3121,6055,2,3027.5
3124,7528,2,3764.0
3128,2911,1,2911.0
3130,7135,1,7135.0
3131,10747,2,5373.5
3132,5028,1,5028.0
3134,6124,1,6124.0
3136,6951,1,6951.0
3137,5002,2,2501.0
3138,10123,2,5061.5
3139,7348,2,3674.0
3141,12960,2,6480.0
3142,1938,1,1938.0
3144,4537,1,4537.0
3145,15745,2,7872.5
3146,6812,1,6812.0
3147,8996,1,8996.0
3148,2681,1,2681.0
3150,4782,1,4782.0
3152,2317,1,2317.0
3153,4345,1,4345.0
3154,7198,1,7198.0
3155,2068,1,2068.0
3156,5011,1,5011.0
3157,7696,1,7696.0
3158,8122,1,8122.0
3161,2076,1,2076.0
3162,9937,1,9937.0
3163,14723,2,7361.5
3164,16989,2,8494.5
3165,14866,2,7433.0
3166,4074,1,4074.0
3168,12881,2,6440.5
3169,9448,1,9448.0
3170,3040,1,3040.0
3171,8478,1,8478.0
3172,25235,4,6308.75
3174,3666,1,3666.0
3175,25410,4,6352.5
3176,4261,2,2130.5
3181,3922,1,3922.0
3183,1590,1,1590.0
3184,3922,1,3922.0
3186,12982,2,6491.0
3187,5432,1,5432.0
3188,3300,1,3300.0
3190,13426,3,4475.333333333333
3191,6663,1,6663.0
3193,12135,4,3033.75
3195,4951,1,4951.0
3197,7696,1,7696.0
3198,12320,2,6160.0
3199,7696,1,7696.0
3201,15136,3,5045.333333333333
3202,5405,1,5405.0
3203,17967,2,8983.5
3204,2140,1,2140.0
3205,15178,3,5059.333333333333
3206,7108,1,7108.0
3208,2911,1,2911.0
3211,6344,1,6344.0
3213,2307,1,2307.0
3215,18621,2,9310.5
3216,13768,2,6884.0
3217,1762,1,1762.0
3220,7340,1,7340.0
3221,6951,1,6951.0
3222,21204,3,7068.0
3224,5715,1,5715.0
3228,17879,3,5959.666666666667
3229,9686,1,9686.0
3230,3744,1,3744.0
3233,5211,1,5211.0
3234,9697,1,9697.0
3237,13524,2,6762.0
3240,5028,1,5028.0
3241,14941,3,4980.333333333333
3242,8804,1,8804.0
3244,6124,1,6124.0
3245,7108,1,7108.0
3248,3929,1,3929.0
3251,19140,2,9570.0
3253,7933,1,7933.0
3254,8364,1,8364.0
3257,18487,3,6162.333333333333
3258,7298,1,7298.0
3259,3392,1,3392.0
3260,4020,1,4020.0
3261,8364,1,8364.0
3262,11466,4,2866.5
3263,19492,3,6497.333333333333
3264,1541,1,1541.0
3265,1002,1,1002.0
3266,2068,1,2068.0
3268,9835,1,9835.0
3269,3481,1,3481.0
3270,3155,1,3155.0
3272,7108,1,7108.0
3274,5663,2,2831.5
3275,3392,1,3392.0
3277,10963,2,5481.5
3280,1434,1,1434.0
3283,7658,1,7658.0
3284,18164,2,9082.0
3285,5347,2,2673.5
3286,3481,1,3481.0
3289,25512,3,8504.0
3292,5529,2,2764.5
3293,13708,3,4569.333333333333
3295,10088,2,5044.0
3296,3521,1,3521.0
3297,2155,1,2155.0
3298,13477,2,6738.5
3302,11688,2,5844.0
3303,4732,1,4732.0
3304,5393,1,5393.0
3307,15356,2,7678.0
3308,1181,1,1181.0
3309,2671,1,2671.0
3310,7695,1,7695.0
3311,12384,2,6192.0
3312,16915,2,8457.5
3316,8122,1,8122.0
3317,8720,1,8720.0
3318,1002,1,1002.0
3321,28258,3,9419.333333333334
3322,13969,2,6984.5
3323,17415,2,8707.5
3324,8804,1,8804.0
3325,14805,2,7402.5
3326,7706,1,7706.0
3327,7695,1,7695.0
3329,3181,1,3181.0
3331,6344,1,6344.0
3334,7401,1,7401.0
3338,7340,1,7340.0
3340,13127,3,4375.666666666667
3341,9448,1,9448.0
3342,5393,1,5393.0
3349,13290,2,6645.0
3351,1423,1,1423.0
3352,9448,1,9448.0
3353,10837,2,5418.5
3354,9334,2,4667.0
3355,6344,1,6344.0
3356,12766,2,6383.0
3358,7215,1,7215.0
3359,18453,3,6151.0
3361,9975,1,9975.0
3362,2911,1,2911.0
3363,9674,1,9674.0
3365,29732,5,5946.4
3366,6594,1,6594.0
3367,10926,2,5463.0
3368,5011,1,5011.0
3369,13881,2,6940.5
3371,8504,1,8504.0
3372,6059,1,6059.0
3373,15134,2,7567.0
3375,10860,2,5430.0
3380,23352,3,7784.0
3382,7340,1,7340.0
3384,3389,1,3389.0
3385,3895,2,1947.5
3386,8661,1,8661.0
3387,6186,1,6186.0
3389,10405,2,5202.5
3390,18795,3,6265.0
3391,6059,1,6059.0
3393,7904,1,7904.0
3394,9286,1,9286.0
3395,9674,1,9674.0
3397,25920,3,8640.0
3400,8369,1,8369.0
3402,10430,2,5215.0
3403,2155,1,2155.0
3404,16468,2,8234.0
3407,15895,2,7947.5
3408,2520,1,2520.0
3410,24384,4,6096.0
3411,26268,3,8756.0
3414,9538,2,4769.0
3415,5715,1,5715.0
3419,4166,1,4166.0
3420,5210,1,5210.0
3421,14996,2,7498.0
3422,7215,1,7215.0
3425,9313,2,4656.5
3426,7135,1,7135.0
3428,5947,1,5947.0
3429,2140,1,2140.0
3430,7658,1,7658.0
3431,6059,1,6059.0
3432,2906,1,2906.0
3433,2141,1,2141.0
3435,3184,1,3184.0
3438,16404,2,8202.0
3439,23589,4,5897.25
3440,2274,1,2274.0
3442,7868,2,3934.0
3443,5479,2,2739.5
3444,24705,3,8235.0
3445,5211,1,5211.0
3447,3182,1,3182.0
3448,17035,3,5678.333333333333
3450,7939,1,7939.0
3452,8625,1,8625.0
3453,16319,2,8159.5
3454,3929,1,3929.0
3456,17615,3,5871.666666666667
3457,6041,1,6041.0
3458,4537,1,4537.0
3459,11527,2,5763.5
3460,7904,1,7904.0
3462,8996,1,8996.0
3468,6124,1,6124.0
3470,6762,1,6762.0
3471,2068,1,2068.0
3472,5210,1,5210.0
3475,17274,3,5758.0
3478,7198,1,7198.0
3479,4643,1,4643.0
3480,20024,3,6674.666666666667
3481,6663,1,6663.0
3482,9314,1,9314.0
3483,22498,3,7499.333333333333
3484,11130,2,5565.0
3485,4944,1,4944.0
3487,13141,2,6570.5
3488,11943,3,3981.0
3489,9133,1,9133.0
3490,9915,1,9915.0
3491,2472,1,2472.0
3492,12120,3,4040.0
3496,5432,1,5432.0
3497,3182,1,3182.0
3498,13841,2,6920.5
3499,4390,1,4390.0
3501,7678,1,7678.0
3506,9919,1,9919.0
3508,2520,1,2520.0
3510,5180,1,5180.0
3511,8532,2,4266.0
3512,13290,2,6645.0
3514,1011,1,1011.0
3517,11268,2,5634.0
3519,7706,1,7706.0
3523,11137,2,5568.5
3524,17814,2,8907.0
3525,2317,1,2317.0
3526,9571,1,9571.0
3527,3455,1,3455.0
3529,8900,1,8900.0
3532,1938,1,1938.0
3533,9050,1,9050.0
3536,7138,1,7138.0
3537,1746,1,1746.0
3539,4345,1,4345.0
3541,5405,1,5405.0
3544,5966,1,5966.0
3545,2317,1,2317.0
3546,9915,1,9915.0
3547,10734,2,5367.0
3551,3146,1,3146.0
3552,5853,2,2926.5
3553,3155,1,3155.0
3554,4570,2,2285.0
3555,4944,1,4944.0
3559,2140,1,2140.0
3561,4904,2,2452.0
3562,12232,2,6116.0
3563,7108,1,7108.0
3565,5862,1,5862.0
3566,8955,2,4477.5
3568,9429,1,9429.0
3569,13724,4,3431.0
3570,7215,1,7215.0
3571,9571,1,9571.0
3574,9294,1,9294.0
3575,10014,2,5007.0
3576,17377,3,5792.333333333333
3577,2140,1,2140.0
3581,9286,1,9286.0
3582,6124,1,6124.0
3583,8794,2,4397.0
3585,23838,3,7946.0
3586,7358,1,7358.0
3587,9330,1,9330.0
3588,9640,1,9640.0
3591,8485,1,8485.0
3592,5357,2,2678.5
3593,9301,2,4650.5
3594,2219,1,2219.0
3595,11870,2,5935.0
3596,1281,1,1281.0
3597,6962,2,3481.0
3602,30352,6,5058.666666666667
3604,2671,1,2671.0
3605,2472,1,2472.0
3606,4852,1,4852.0
3608,3339,1,3339.0
3609,5393,1,5393.0
3610,5028,1,5028.0
3611,2076,1,2076.0
3612,5405,1,5405.0
3613,4852,1,4852.0
3614,2140,1,2140.0
3616,6457,1,6457.0
3617,9626,2,4813.0
3620,18640,3,6213.333333333333
3622,15795,2,7897.5
3623,9937,1,9937.0
3626,18969,2,9484.5
3628,13997,3,4665.666666666667
3629,6867,1,6867.0
3630,5432,1,5432.0
3632,7312,1,7312.0
3633,19898,3,6632.666666666667
3634,23930,4,5982.5
3636,16008,2,8004.0
3637,7157,1,7157.0
3638,2472,1,2472.0
3639,4058,1,4058.0
3640,18496,2,9248.0
3642,6663,1,6663.0
3643,13407,2,6703.5
3644,7933,1,7933.0
3645,20170,3,6723.333333333333
3652,5840,1,5840.0
3653,7972,1,7972.0
3654,11843,2,5921.5
3655,14260,2,7130.0
3657,2764,1,2764.0
3658,7135,1,7135.0
3659,4136,1,4136.0
3661,10611,2,5305.5
3662,2140,1,2140.0
3664,9762,2,4881.0
3665,1590,1,1590.0
3666,9861,2,4930.5
3667,2481,1,2481.0
3668,9314,1,9314.0
3669,9133,1,9133.0
3670,9981,1,9981.0
3671,9571,1,9571.0
3673,7198,1,7198.0
3674,11183,2,5591.5
3678,8504,1,8504.0
3679,10217,2,5108.5
3680,5303,1,5303.0
3681,5840,1,5840.0
3682,13377,2,6688.5
3684,8147,2,4073.5
3686,15837,2,7918.5
3687,7904,1,7904.0
3692,9010,1,9010.0
3694,8746,1,8746.0
3697,7525,2,3762.5
3698,8824,2,4412.0
3699,17488,3,5829.333333333333
3700,14582,2,7291.0
3701,12085,2,6042.5
3703,8478,1,8478.0
3705,3392,1,3392.0
3707,9337,2,4668.5
3710,2481,1,2481.0
3711,15995,2,7997.5
3712,19896,3,6632.0
3715,13812,2,6906.0
3716,4643,1,4643.0
3718,5715,1,5715.0
3720,9835,1,9835.0
3721,9697,1,9697.0
3722,15000,2,7500.0
3724,9083,1,9083.0
3725,18729,3,6243.0
3726,17475,2,8737.5
3728,14480,2,7240.0
3729,4136,1,4136.0
3731,5862,1,5862.0
3732,13473,2,6736.5
3733,4930,2,2465.0
3734,7340,1,7340.0
3735,3155,1,3155.0
3736,1938,1,1938.0
3739,8364,1,8364.0
3740,9237,1,9237.0
3743,2681,1,2681.0
3744,14110,2,7055.0
3746,2141,1,2141.0
3749,3666,1,3666.0
3750,7031,2,3515.5
3751,18659,2,9329.5
3752,9915,1,9915.0
3753,7298,1,7298.0
3754,18386,2,9193.0
3756,8968,2,4484.0
3757,8702,1,8702.0
3758,11110,2,5555.0
3759,4555,1,4555.0
3762,9762,2,4881.0
3767,17755,3,5918.333333333333
3768,18968,2,9484.0
3770,4074,1,4074.0
3771,19816,3,6605.333333333333
3772,14780,2,7390.0
3773,13843,3,4614.333333333333
3774,3043,2,1521.5
3775,10927,2,5463.5
3776,9686,1,9686.0
3777,10396,2,5198.0
3780,9686,1,9686.0
3782,2764,1,2764.0
3783,10404,2,5202.0
3785,5432,1,5432.0
3786,14919,3,4973.0
3787,12062,2,6031.0
3788,7040,1,7040.0
3789,7358,1,7358.0
3790,6059,1,6059.0
3791,8589,2,4294.5
3792,12970,2,6485.0
3794,6663,1,6663.0
3801,7138,1,7138.0
3802,16588,2,8294.0
3804,7904,1,7904.0
3806,7198,1,7198.0
3807,5715,1,5715.0
3810,14513,2,7256.5
3811,16964,4,4241.0
3813,4345,1,4345.0
3814,9330,1,9330.0
3816,2472,1,2472.0
3818,11366,2,5683.0
3819,18973,2,9486.5
3820,9294,1,9294.0
3828,6862,2,3431.0
3829,8900,1,8900.0
3830,3744,1,3744.0
3831,22859,3,7619.666666666667
3832,2274,1,2274.0
3833,5966,1,5966.0
3834,25605,3,8535.0
3837,1011,1,1011.0
3838,7312,1,7312.0
3839,19720,3,6573.333333333333
3841,7111,1,7111.0
3842,6816,2,3408.0
3843,26150,4,6537.5
3844,7340,1,7340.0
3845,1643,1,1643.0
3849,4643,1,4643.0
3852,5393,1,5393.0
3855,7401,1,7401.0
3856,8900,1,8900.0
3861,3146,1,3146.0
3862,4537,1,4537.0
3863,5494,2,2747.0
3864,14052,3,4684.0
3865,1541,1,1541.0
3866,6041,1,6041.0
3867,15862,2,7931.0
3869,9294,1,9294.0
3870,9118,1,9118.0
3871,23735,3,7911.666666666667
3872,8364,1,8364.0
3877,9230,1,9230.0
3878,24231,4,6057.75
3880,6762,1,6762.0
3882,4020,1,4020.0
3883,14625,3,4875.0
3885,9286,1,9286.0
3886,3666,1,3666.0
3888,10147,2,5073.5
3889,4053,2,2026.5
3890,8370,1,8370.0
3891,14770,2,7385.0
3892,5966,1,5966.0
3894,4390,1,4390.0
3896,8856,2,4428.0
3898,1181,1,1181.0
3899,7108,1,7108.0
3900,7005,1,7005.0
3902,3339,1,3339.0
3903,4537,1,4537.0
3904,25355,4,6338.75
3906,7383,1,7383.0
3907,3184,1,3184.0
3910,15251,2,7625.5
3911,8134,3,2711.3333333333335
3912,12466,2,6233.0
3915,4060,1,4060.0
3918,3929,1,3929.0
3920,18632,3,6210.666666666667
3921,5840,1,5840.0
3923,9230,1,9230.0
3925,8957,1,8957.0
3926,2520,1,2520.0
3927,14232,2,7116.0
3929,1423,1,1423.0
3932,2481,1,2481.0
3934,7094,1,7094.0
3935,2481,1,2481.0
3936,15137,2,7568.5
3937,8425,2,4212.5
3938,15736,2,7868.0
3939,5211,1,5211.0
3940,16257,2,8128.5
3942,15884,2,7942.0
3944,14336,2,7168.0
3947,8957,1,8957.0
3949,9640,1,9640.0
3952,7157,1,7157.0
3955,13284,2,6642.0
3956,4074,1,4074.0
3957,11318,2,5659.0
3959,13858,3,4619.333333333333
3960,11814,2,5907.0
3962,16117,4,4029.25
3963,25203,3,8401.0
3965,4643,1,4643.0
3966,8746,1,8746.0
3967,5966,1,5966.0
3968,13672,2,6836.0
3969,10012,2,5006.0
3970,5180,1,5180.0
3971,8370,1,8370.0
3974,2906,1,2906.0
3975,4944,1,4944.0
3976,16086,3,5362.0
3978,1434,1,1434.0
3979,18511,4,4627.75
3980,3965,2,1982.5
3982,4537,1,4537.0
3983,7933,1,7933.0
3984,7696,1,7696.0
3985,5303,1,5303.0
3986,5983,2,2991.5
3987,4166,1,4166.0
3989,9159,1,9159.0
3990,9697,1,9697.0
3991,6375,1,6375.0
3993,7678,1,7678.0
3995,16631,3,5543.666666666667
3996,8702,1,8702.0
3998,6059,1,6059.0
3999,1590,1,1590.0
4001,6059,1,6059.0
4002,8424,1,8424.0
4004,2133,1,2133.0
4005,2906,1,2906.0
4007,3155,1,3155.0
4008,19103,2,9551.5
4009,7298,1,7298.0
4010,7939,1,7939.0
4011,2906,1,2906.0
4013,3040,1,3040.0
4016,9805,2,4902.5
4017,12434,2,6217.0
4018,12201,2,6100.5
4019,4540,2,2270.0
4022,17242,3,5747.333333333333
4027,2140,1,2140.0
4030,6457,1,6457.0
4031,18960,2,9480.0
4033,9937,1,9937.0
4036,15074,3,5024.666666666667
4041,7215,1,7215.0
4042,2911,1,2911.0
4044,14488,2,7244.0
4045,24828,4,6207.0
4046,6765,1,6765.0
4047,11073,2,5536.5
4051,2076,1,2076.0
4052,5393,1,5393.0
4053,16955,2,8477.5
4054,9172,2,4586.0
4055,2906,1,2906.0
4056,7340,1,7340.0
4057,19082,2,9541.0
4058,16730,2,8365.0
4059,4732,1,4732.0
4060,7383,1,7383.0
4062,13432,3,4477.333333333333
4064,7135,1,7135.0
4065,9686,1,9686.0
4066,1762,1,1762.0
4068,6124,1,6124.0
4069,1643,1,1643.0
4071,3392,1,3392.0
4072,4946,2,2473.0
4073,26542,3,8847.333333333334
4074,11605,2,5802.5
4075,5787,1,5787.0
4076,23845,3,7948.333333333333
4077,14995,2,7497.5
4080,1281,1,1281.0
4081,1002,1,1002.0
4083,12409,2,6204.5
4086,8392,1,8392.0
4087,6762,1,6762.0
4088,22785,3,7595.0
4091,16766,3,5588.666666666667
4092,7904,1,7904.0
4095,7678,1,7678.0
4096,9596,1,9596.0
4097,2133,1,2133.0
4098,4979,2,2489.5
4102,13634,3,4544.666666666667
4103,15030,3,5010.0
4104,16221,2,8110.5
4106,17312,3,5770.666666666667
4108,3392,1,3392.0
4109,5028,1,5028.0
4110,14955,3,4985.0
4112,3389,1,3389.0
4114,12482,2,6241.0
4115,27693,3,9231.0
4118,8504,1,8504.0
4119,20656,3,6885.333333333333
4122,11218,2,5609.0
4123,14610,3,4870.0
4125,1968,1,1968.0
4126,10480,2,5240.0
4127,2141,1,2141.0
4129,7215,1,7215.0
4130,5966,1,5966.0
4131,23445,3,7815.0
4132,4852,1,4852.0
4133,9314,1,9314.0
4136,3769,1,3769.0
4140,8702,1,8702.0
4141,9133,1,9133.0
4142,7939,1,7939.0
4143,9804,2,4902.0
4145,11197,2,5598.5
4146,7138,1,7138.0
4148,7440,1,7440.0
4150,10404,2,5202.0
4157,6186,1,6186.0
4158,8708,3,2902.6666666666665
4159,1762,1,1762.0
4160,15647,2,7823.5
4161,4060,1,4060.0
4162,5405,1,5405.0
4163,10314,2,5157.0
4164,6124,1,6124.0
4166,6274,1,6274.0
4167,15940,2,7970.0
4172,2539,1,2539.0
4174,12349,2,6174.5
4175,9159,1,9159.0
4176,3922,1,3922.0
4177,9133,1,9133.0
4180,12961,2,6480.5
4181,5664,1,5664.0
4182,6765,1,6765.0
4183,6375,1,6375.0
4185,2681,1,2681.0
4186,7110,1,7110.0
4187,23551,3,7850.333333333333
4188,9571,1,9571.0
4189,6765,1,6765.0
4190,8104,1,8104.0
4191,25295,3,8431.666666666666
4192,14544,2,7272.0
4193,6827,1,6827.0
4195,5715,1,5715.0
4196,15544,2,7772.0
4198,7678,1,7678.0
4200,9237,1,9237.0
4204,6283,2,3141.5
4205,6951,1,6951.0
4207,9429,1,9429.0
4208,6344,1,6344.0
4211,7198,1,7198.0
4213,3929,1,3929.0
4214,9339,2,4669.5
4215,4555,1,4555.0
4217,2847,1,2847.0
4218,5393,1,5393.0
4220,5028,1,5028.0
4226,11470,2,5735.0
4227,4766,1,4766.0
4228,5862,1,5862.0
4230,17535,2,8767.5
4231,5210,1,5210.0
4232,21538,3,7179.333333333333
4234,1281,1,1281.0
4235,16209,3,5403.0
4236,3339,1,3339.0
4237,2671,1,2671.0
4238,1181,1,1181.0
4239,13660,2,6830.0
4241,9237,1,9237.0
4244,11295,2,5647.5
4245,9118,1,9118.0
4248,1923,1,1923.0
4249,4537,1,4537.0
4251,9640,1,9640.0
4253,10039,2,5019.5
4256,15533,2,7766.5
4257,8104,1,8104.0
4258,9975,1,9975.0
4260,12719,2,6359.5
4262,12978,2,6489.0
4264,10591,2,5295.5
4271,7340,1,7340.0
4272,3389,1,3389.0
4274,7751,1,7751.0
4275,7157,1,7157.0
4278,7268,2,3634.0
4279,14025,3,4675.0
4282,17713,3,5904.333333333333
4284,8661,1,8661.0
4285,6117,1,6117.0
4287,4537,1,4537.0
4288,7658,1,7658.0
4289,4852,1,4852.0
4290,5787,1,5787.0
4291,16153,2,8076.5
4293,17414,2,8707.0
4294,6812,1,6812.0
4297,2954,1,2954.0
4300,3488,2,1744.0
4303,12150,2,6075.0
4304,13448,2,6724.0
4307,9050,1,9050.0
4308,8534,2,4267.0
4311,9522,2,4761.0
4313,11227,2,5613.5
4314,6186,1,6186.0
4316,15239,3,5079.666666666667
4317,8424,1,8424.0
4319,4548,2,2274.0
4320,4766,1,4766.0
4321,3922,1,3922.0
4322,7135,1,7135.0
4323,7350,2,3675.0
4324,2906,1,2906.0
4325,6594,1,6594.0
4326,9697,1,9697.0
4328,4852,1,4852.0
4330,7658,1,7658.0
4331,10125,2,5062.5
4333,10863,2,5431.5
4334,6375,1,6375.0
4335,8485,1,8485.0
4337,9610,3,3203.3333333333335
4338,7340,1,7340.0
4342,7198,1,7198.0
4343,1011,1,1011.0
4344,5777,2,2888.5
4346,3392,1,3392.0
4347,9919,1,9919.0
4349,6059,1,6059.0
4351,4063,2,2031.5
4354,3929,1,3929.0
4356,8364,1,8364.0
4357,7298,1,7298.0
4358,22750,3,7583.333333333333
4361,2140,1,2140.0
4364,2317,1,2317.0
4365,7298,1,7298.0
4367,4060,1,4060.0
4368,7040,1,7040.0
4370,9159,1,9159.0
4371,8720,1,8720.0
4376,10466,2,5233.0
4377,7933,1,7933.0
4379,10778,2,5389.0
4380,17440,2,8720.0
4383,18621,3,6207.0
4384,2539,1,2539.0
4385,16536,2,8268.0
4386,9590,1,9590.0
4387,6059,1,6059.0
4388,11579,2,5789.5
4389,2141,1,2141.0
4390,2317,1,2317.0
4391,9338,2,4669.0
4392,3184,1,3184.0
4393,4643,1,4643.0
4395,5787,1,5787.0
4396,6096,2,3048.0
4397,12334,2,6167.0
4400,4807,2,2403.5
4402,7312,1,7312.0
4405,26183,4,6545.75
4407,16782,2,8391.0
4408,6951,1,6951.0
4411,7875,2,3937.5
4412,7215,1,7215.0
4413,13004,2,6502.0
4415,16746,2,8373.0
4417,15051,3,5017.0
4418,23213,3,7737.666666666667
4419,7279,2,3639.5
4421,11665,2,5832.5
4422,19337,2,9668.5
4423,7198,1,7198.0
4424,7678,1,7678.0
4425,2954,1,2954.0
4427,6104,2,3052.0
4428,13092,2,6546.0
4429,20401,3,6800.333333333333
4432,6848,1,6848.0
4433,7440,1,7440.0
4434,17223,3,5741.0
4435,20231,3,6743.666666666667
4436,2068,1,2068.0
4439,23127,4,5781.75
4441,4457,2,2228.5
4442,1968,1,1968.0
4443,7821,2,3910.5
4444,2068,1,2068.0
4446,2133,1,2133.0
4448,1762,1,1762.0
4450,4782,1,4782.0
4451,1938,1,1938.0
4453,6059,1,6059.0
4454,7751,1,7751.0
4455,4345,1,4345.0
4457,7696,1,7696.0
4459,6274,1,6274.0
4461,11107,2,5553.5
4463,14562,2,7281.0
4466,2671,1,2671.0
4467,8485,1,8485.0
4468,12343,2,6171.5
4469,7886,2,3943.0
4471,16637,2,8318.5
4472,3929,1,3929.0
4473,19177,3,6392.333333333333
4475,13415,2,6707.5
4479,8369,1,8369.0
4481,3181,1,3181.0
4482,9424,2,4712.0
4483,8485,1,8485.0
4484,6344,1,6344.0
4485,9448,1,9448.0
4486,7972,1,7972.0
4487,4951,1,4951.0
4489,8661,1,8661.0
4490,14505,2,7252.5
4493,11270,2,5635.0
4497,6326,1,6326.0
4498,2068,1,2068.0
4500,19103,2,9551.5
4503,12855,2,6427.5
4506,5303,1,5303.0
4507,9294,1,9294.0
4508,2307,1,2307.0
4509,16402,2,8201.0
4510,9963,2,4981.5
4511,10433,2,5216.5
4512,8424,1,8424.0
4513,5276,1,5276.0
4515,6866,1,6866.0
4516,7751,1,7751.0
4517,9937,1,9937.0
4519,5840,1,5840.0
4521,7135,1,7135.0
4525,3146,1,3146.0
4526,7358,1,7358.0
4527,9314,1,9314.0
4529,2274,1,2274.0
4530,4766,1,4766.0
4531,18098,3,6032.666666666667
4533,6866,1,6866.0
4535,7108,1,7108.0
4536,6848,1,6848.0
4537,18130,3,6043.333333333333
4538,3181,1,3181.0
4539,3182,1,3182.0
4541,2906,1,2906.0
4542,5276,1,5276.0
4543,2520,1,2520.0
4544,18523,2,9261.5
4546,1746,1,1746.0
4548,7298,1,7298.0
4550,1938,1,1938.0
4551,23096,3,7698.666666666667
4552,5210,1,5210.0
4553,15087,2,7543.5
4555,2219,1,2219.0
4556,6375,1,6375.0
4558,5898,2,2949.0
4561,4166,1,4166.0
4562,13207,2,6603.5
4565,9330,1,9330.0
4567,5863,1,5863.0
4568,4782,1,4782.0
4570,16573,2,8286.5
4571,6762,1,6762.0
4573,6041,1,6041.0
4575,1643,1,1643.0
4576,9448,1,9448.0
4578,9237,1,9237.0
4580,23473,4,5868.25
4581,13996,2,6998.0
4582,16549,2,8274.5
4583,2317,1,2317.0
4585,10087,3,3362.3333333333335
4586,7999,2,3999.5
4588,20085,4,5021.25
4589,6059,1,6059.0
4590,1938,1,1938.0
4591,7134,1,7134.0
4593,17181,2,8590.5
4594,11526,2,5763.0
4596,9985,2,4992.5
4599,14706,3,4902.0
4600,9376,2,4688.0
4603,2140,1,2140.0
4605,9571,1,9571.0
4611,15760,3,5253.333333333333
4612,1541,1,1541.0
4614,2133,1,2133.0
4616,22003,3,7334.333333333333
4617,6457,1,6457.0
4618,10435,3,3478.3333333333335
4620,17654,2,8827.0
4621,6663,1,6663.0
4622,8661,1,8661.0
4625,16001,2,8000.5
4626,12068,2,6034.0
4627,9429,1,9429.0
4628,13124,2,6562.0
4630,7939,2,3969.5
4631,1746,1,1746.0
4632,9296,2,4648.0
4633,10266,2,5133.0
4634,2133,1,2133.0
4635,10871,2,5435.5
4636,4345,1,4345.0
4637,9640,1,9640.0
4638,2219,1,2219.0
4639,11183,4,2795.75
4640,28240,4,7060.0
4641,8335,2,4167.5
4642,9314,1,9314.0
4646,21603,4,5400.75
4647,11217,2,5608.5
4649,5405,1,5405.0
4651,1853,1,1853.0
4652,2274,1,2274.0
4653,4782,1,4782.0
4654,10249,2,5124.5
4655,1281,1,1281.0
4656,24335,4,6083.75
4658,5388,1,5388.0
4660,27349,4,6837.25
4662,4732,1,4732.0
4663,20010,3,6670.0
4664,4944,1,4944.0
4666,9230,1,9230.0
4669,7401,1,7401.0
4670,3300,1,3300.0
4671,25942,4,6485.5
4673,4074,1,4074.0
4676,8746,1,8746.0
4677,5859,1,5859.0
4683,4852,1,4852.0
4684,7695,1,7695.0
4685,4852,1,4852.0
4686,19212,2,9606.0
4688,12920,3,4306.666666666667
4689,6594,1,6594.0
4691,11107,2,5553.5
4692,1853,1,1853.0
4696,9162,2,4581.0
4697,9010,1,9010.0
4700,4944,1,4944.0
4701,8804,1,8804.0
4702,4643,1,4643.0
4703,7695,1,7695.0
4704,9492,1,9492.0
4705,1968,1,1968.0
4706,5028,1,5028.0
4707,23979,4,5994.75
4709,15783,3,5261.0
4710,11624,2,5812.0
4711,11549,2,5774.5
4713,9159,1,9159.0
4714,9448,1,9448.0
4715,2681,1,2681.0
4716,8214,2,4107.0
4718,9133,1,9133.0
4723,13237,3,4412.333333333333
4727,6945,1,6945.0
4730,9697,1,9697.0
4731,6186,1,6186.0
4733,9686,1,9686.0
4735,2219,1,2219.0
4737,8665,1,8665.0
4739,4390,1,4390.0
4744,9286,1,9286.0
4747,8485,1,8485.0
4749,15838,2,7919.0
4751,9159,1,9159.0
4754,2764,1,2764.0
4755,7383,1,7383.0
4757,7706,1,7706.0
4758,11515,2,5757.5
4759,10614,2,5307.0
4761,7157,1,7157.0
4763,13356,2,6678.0
4765,5393,1,5393.0
4769,1746,1,1746.0
4770,14206,2,7103.0
4772,9596,1,9596.0
4775,8364,1,8364.0
4776,5715,1,5715.0
4777,6041,1,6041.0
4778,2140,1,2140.0
4779,16684,3,5561.333333333333
4780,8478,1,8478.0
4781,8731,2,4365.5
4782,16244,2,8122.0
4783,8122,1,8122.0
4784,7751,1,7751.0
4786,9492,1,9492.0
4787,10531,2,5265.5
4788,7298,1,7298.0
4790,4944,1,4944.0
4791,7215,1,7215.0
4793,7135,1,7135.0
4794,8109,2,4054.5
4795,13417,2,6708.5
4797,5393,1,5393.0
4799,2076,1,2076.0
4800,8661,1,8661.0
4802,13774,2,6887.0
4808,6326,1,6326.0
4810,2481,1,2481.0
4811,8703,2,4351.5
4812,10537,2,5268.5
4814,15292,3,5097.333333333333
4815,17808,2,8904.0
4817,9974,3,3324.6666666666665
4818,9679,1,9679.0
4819,11555,2,5777.5
4820,17799,2,8899.5
4823,4166,1,4166.0
4825,9330,1,9330.0
4828,7658,1,7658.0
4831,4136,1,4136.0
4833,9679,1,9679.0
4834,7939,1,7939.0
4836,3392,1,3392.0
4837,7110,1,7110.0
4838,8504,1,8504.0
4839,8702,1,8702.0
4840,10118,2,5059.0
4841,2681,1,2681.0
4842,3878,2,1939.0
4844,11496,2,5748.0
4845,9286,1,9286.0
4846,11121,2,5560.5
4847,9640,1,9640.0
4848,9697,1,9697.0
4852,5393,1,5393.0
4853,2076,1,2076.0
4854,2847,1,2847.0
4855,5405,1,5405.0
4856,5432,1,5432.0
4857,7904,1,7904.0
4858,6059,1,6059.0
4861,2911,1,2911.0
4864,13124,2,6562.0
4865,5862,1,5862.0
4868,11482,2,5741.0
4869,10070,2,5035.0
4871,4058,1,4058.0
4873,8370,1,8370.0
4876,6594,1,6594.0
4877,22271,3,7423.666666666667
4878,13489,2,6744.5
4879,10697,2,5348.5
4880,5405,1,5405.0
4881,13552,3,4517.333333333333
4882,5011,1,5011.0
4883,8424,1,8424.0
4884,23652,3,7884.0
4886,4296,2,2148.0
4887,9521,2,4760.5
4888,5788,2,2894.0
4890,6457,1,6457.0
4892,23266,3,7755.333333333333
4895,6274,1,6274.0
4899,9713,2,4856.5
4901,9429,1,9429.0
4902,7135,1,7135.0
4904,3521,1,3521.0
4905,8369,1,8369.0
4907,3481,1,3481.0
4908,9286,1,9286.0
4909,9975,1,9975.0
4910,3392,1,3392.0
4911,1011,1,1011.0
4912,18397,2,9198.5
4913,18090,3,6030.0
4915,3182,1,3182.0
4916,6700,2,3350.0
4918,6663,1,6663.0
4919,6375,1,6375.0
4920,15411,3,5137.0
4921,6594,1,6594.0
4922,8122,1,8122.0
4924,7094,1,7094.0
4927,7108,1,7108.0
4928,13176,2,6588.0
4929,16891,4,4222.75
4930,7040,1,7040.0
4932,17802,3,5934.0
4936,14916,2,7458.0
4938,2155,1,2155.0
4939,8665,1,8665.0
4940,9286,1,9286.0
4941,20174,3,6724.666666666667
4942,4136,1,4136.0
4944,1923,1,1923.0
4947,9697,1,9697.0
4948,11073,2,5536.5
4949,4193,2,2096.5
4951,6328,2,3164.0
4952,17526,3,5842.0
4953,4766,1,4766.0
4954,11741,3,3913.6666666666665
4955,7695,1,7695.0
4956,5840,1,5840.0
4957,14663,2,7331.5
4958,7312,1,7312.0
4959,12321,2,6160.5
4960,16308,2,8154.0
4961,6041,1,6041.0
4963,27250,4,6812.5
4966,13849,2,6924.5
4967,11500,2,5750.0
4969,1968,1,1968.0
4970,6594,1,6594.0
4972,3929,1,3929.0
4973,1643,1,1643.0
4974,9590,1,9590.0
4976,7198,1,7198.0
4977,6827,1,6827.0
4979,16926,2,8463.0
4980,3392,1,3392.0
4982,3455,1,3455.0
4983,13117,2,6558.5
4985,14371,2,7185.5
4987,8104,1,8104.0
4988,6117,1,6117.0
4989,9596,1,9596.0
4992,7526,2,3763.0
4994,18760,3,6253.333333333333
4995,6827,1,6827.0
4997,7198,1,7198.0
4998,9915,1,9915.0
5000,4766,1,4766.0
